Date ->,03/24/26,CUSIP,SECURITY TYPE,RATE,MATURITY DATE,CALL DATE,BUY,SELL,END OF DAY,,Type,Buy yield,Sell yield,EOD yield,Bid/ask yield spread,Bid/ask price spread
Formul to use ->,03/24/26,912797SC2,MARKET BASED BILL,0.000%,03/26/26,,0.000000,99.980389,0.000000,,BILL,,3.580%,,,
,,912797TB3,MARKET BASED BILL,0.000%,03/31/26,,99.930486,99.930389,0.000000,,BILL,3.627%,3.632%,,0.005%,0.0001%
Recent workday ->,3/24/2026,912797SD0,MARKET BASED BILL,0.000%,04/02/26,,99.910625,99.910250,0.000000,,BILL,3.628%,3.643%,,0.015%,0.0004%
Settlement date,3/25/2026,912797TG2,MARKET BASED BILL,0.000%,04/07/26,,99.860194,99.859611,0.000000,,BILL,3.650%,3.665%,,0.015%,0.0006%
"^ not required for this sheet, but useful elsewhere",,912797SL2,MARKET BASED BILL,0.000%,04/09/26,,99.840222,99.840000,0.000000,,BILL,3.651%,3.656%,,0.005%,0.0002%
,,912797TH0,MARKET BASED BILL,0.000%,04/14/26,,99.789708,99.789417,0.000000,,BILL,3.663%,3.668%,,0.005%,0.0003%
,,912797QD2,MARKET BASED BILL,0.000%,04/16/26,,99.769361,99.768722,0.000000,,BILL,3.669%,3.679%,,0.010%,0.0006%
,,912797TJ6,MARKET BASED BILL,0.000%,04/21/26,,99.718833,99.718444,0.000000,,BILL,3.676%,3.681%,,0.005%,0.0004%
,,912797SM0,MARKET BASED BILL,0.000%,04/23/26,,99.699583,99.699167,0.000000,,BILL,3.666%,3.671%,,0.005%,0.0004%
,,912797TK3,MARKET BASED BILL,0.000%,04/28/26,,99.649028,99.648056,0.000000,,BILL,3.673%,3.683%,,0.010%,0.0010%
,,912797SN8,MARKET BASED BILL,0.000%,04/30/26,,99.628458,99.627944,0.000000,,BILL,3.679%,3.684%,,0.005%,0.0005%
,,912797TL1,MARKET BASED BILL,0.000%,05/05/26,,99.578250,99.577667,0.000000,,BILL,3.681%,3.686%,,0.005%,0.0006%
,,912797SP3,MARKET BASED BILL,0.000%,05/07/26,,99.557556,99.556333,0.000000,,BILL,3.687%,3.697%,,0.010%,0.0012%
,,912797TR8,MARKET BASED BILL,0.000%,05/12/26,,99.507958,99.507278,0.000000,,BILL,3.683%,3.688%,,0.005%,0.0007%
,,912797QN0,MARKET BASED BILL,0.000%,05/14/26,,99.489292,99.488583,0.000000,,BILL,3.674%,3.679%,,0.005%,0.0007%
,,912797TS6,MARKET BASED BILL,0.000%,05/19/26,,99.437667,99.436889,0.000000,,BILL,3.686%,3.691%,,0.005%,0.0008%
,,912797SV0,MARKET BASED BILL,0.000%,05/21/26,,99.417583,99.416778,0.000000,,BILL,3.687%,3.692%,,0.005%,0.0008%
,,912797TT4,MARKET BASED BILL,0.000%,05/26/26,,99.369125,99.368250,0.000000,,BILL,3.678%,3.683%,,0.005%,0.0009%
,,912797SW8,MARKET BASED BILL,0.000%,05/28/26,,99.345486,99.344583,0.000000,,BILL,3.700%,3.705%,,0.005%,0.0009%
,,912797TU1,MARKET BASED BILL,0.000%,06/02/26,,99.298056,99.296111,0.000000,,BILL,3.686%,3.696%,,0.010%,0.0020%
,,912797SX6,MARKET BASED BILL,0.000%,06/04/26,,99.277000,99.276000,0.000000,,BILL,3.692%,3.697%,,0.005%,0.0010%
,,912797TZ0,MARKET BASED BILL,0.000%,06/09/26,,99.226792,99.225722,0.000000,,BILL,3.694%,3.699%,,0.005%,0.0011%
,,912797QX8,MARKET BASED BILL,0.000%,06/11/26,,99.207806,99.205611,0.000000,,BILL,3.689%,3.700%,,0.010%,0.0022%
,,912797UA3,MARKET BASED BILL,0.000%,06/16/26,,99.161167,99.160000,0.000000,,BILL,3.676%,3.681%,,0.005%,0.0012%
,,912797TD9,MARKET BASED BILL,0.000%,06/18/26,,99.138806,99.137611,0.000000,,BILL,3.687%,3.692%,,0.005%,0.0012%
,,912797UB1,MARKET BASED BILL,0.000%,06/23/26,,99.090000,99.087472,0.000000,,BILL,3.684%,3.694%,,0.010%,0.0026%
,,912797TE7,MARKET BASED BILL,0.000%,06/25/26,,99.067417,99.064833,0.000000,,BILL,3.695%,3.705%,,0.010%,0.0026%
,,912797UC9,MARKET BASED BILL,0.000%,06/30/26,,99.020000,99.017278,0.000000,,BILL,3.686%,3.696%,,0.010%,0.0027%
,,912797TF4,MARKET BASED BILL,0.000%,07/02/26,,98.997222,98.994444,0.000000,,BILL,3.697%,3.708%,,0.010%,0.0028%
,,912797UN5,MARKET BASED BILL,0.000%,07/07/26,,98.947083,98.944167,0.000000,,BILL,3.699%,3.709%,,0.010%,0.0029%
,,912797RF6,MARKET BASED BILL,0.000%,07/09/26,,98.930000,98.927028,0.000000,,BILL,3.689%,3.700%,,0.010%,0.0030%
,,912797UP0,MARKET BASED BILL,0.000%,07/14/26,,98.875333,98.873778,0.000000,,BILL,3.707%,3.712%,,0.005%,0.0016%
,,912797TN7,MARKET BASED BILL,0.000%,07/16/26,,98.860000,98.856833,0.000000,,BILL,3.692%,3.702%,,0.010%,0.0032%
,,912797UQ8,MARKET BASED BILL,0.000%,07/21/26,,98.801736,98.800083,0.000000,,BILL,3.720%,3.725%,,0.005%,0.0017%
,,912797TP2,MARKET BASED BILL,0.000%,07/23/26,,98.790000,98.786639,0.000000,,BILL,3.695%,3.705%,,0.010%,0.0034%
,,912797TQ0,MARKET BASED BILL,0.000%,07/30/26,,98.718222,98.712889,0.000000,,BILL,3.703%,3.718%,,0.016%,0.0054%
,,912797RG4,MARKET BASED BILL,0.000%,08/06/26,,98.646250,98.642500,0.000000,,BILL,3.710%,3.721%,,0.010%,0.0038%
,,912797TW7,MARKET BASED BILL,0.000%,08/13/26,,98.576056,98.572111,0.000000,,BILL,3.713%,3.723%,,0.010%,0.0040%
,,912797TX5,MARKET BASED BILL,0.000%,08/20/26,,98.505861,98.501722,0.000000,,BILL,3.716%,3.726%,,0.010%,0.0042%
,,912797TY3,MARKET BASED BILL,0.000%,08/27/26,,98.437833,98.435667,0.000000,,BILL,3.713%,3.718%,,0.005%,0.0022%
,,912797RS8,MARKET BASED BILL,0.000%,09/03/26,,98.367736,98.365472,0.000000,,BILL,3.716%,3.721%,,0.005%,0.0023%
,,912797UF2,MARKET BASED BILL,0.000%,09/10/26,,98.295278,98.290556,0.000000,,BILL,3.724%,3.734%,,0.010%,0.0048%
,,912797UG0,MARKET BASED BILL,0.000%,09/17/26,,98.222625,98.220167,0.000000,,BILL,3.732%,3.737%,,0.005%,0.0025%
,,912797SA6,MARKET BASED BILL,0.000%,10/01/26,,98.092653,98.084694,0.000000,,BILL,3.724%,3.739%,,0.016%,0.0081%
,,912797SK4,MARKET BASED BILL,0.000%,10/29/26,,97.816083,97.803917,0.000000,,BILL,3.721%,3.742%,,0.021%,0.0124%
,,912797SU2,MARKET BASED BILL,0.000%,11/27/26,,97.520000,97.506222,0.000000,,BILL,3.745%,3.766%,,0.021%,0.0141%
,,912797TC1,MARKET BASED BILL,0.000%,12/24/26,,97.250000,97.234722,0.000000,,BILL,3.739%,3.760%,,0.021%,0.0157%
,,912797TM9,MARKET BASED BILL,0.000%,01/21/27,,97.024708,97.020500,0.000000,,BILL,3.678%,3.683%,,0.005%,0.0043%
,,912797TV9,MARKET BASED BILL,0.000%,02/18/27,,96.680806,96.671611,0.000000,,BILL,3.760%,3.771%,,0.011%,0.0095%
,,912797UD7,MARKET BASED BILL,0.000%,03/18/27,,96.400028,96.390056,0.000000,,BILL,3.762%,3.773%,,0.011%,0.0103%
,,9128286L9,MARKET BASED NOTE,2.250%,03/31/26,,0.000000,99.968750,0.000000,,NOTE,,3.835%,,,
,,91282CBT7,MARKET BASED NOTE,0.750%,03/31/26,,0.000000,99.937500,0.000000,,NOTE,,3.988%,,,
,,91282CKH3,MARKET BASED NOTE,4.500%,03/31/26,,0.000000,100.000000,0.000000,,NOTE,,4.405%,,,
,,91282CGV7,MARKET BASED NOTE,3.750%,04/15/26,,0.000000,100.000000,0.000000,,NOTE,,3.689%,,,
,,91282CBW0,MARKET BASED NOTE,0.750%,04/30/26,,0.000000,99.687500,0.000000,,NOTE,,3.825%,,,
,,9128286S4,MARKET BASED NOTE,2.375%,04/30/26,,0.000000,99.875000,0.000000,,NOTE,,3.575%,,,
,,91282CKK6,MARKET BASED NOTE,4.875%,04/30/26,,0.000000,100.093750,0.000000,,NOTE,,3.874%,,,
,,91282CHB0,MARKET BASED NOTE,3.625%,05/15/26,,0.000000,99.968750,0.000000,,NOTE,,3.795%,,,
,,912828R36,MARKET BASED NOTE,1.625%,05/15/26,,0.000000,99.687500,0.000000,,NOTE,,3.790%,,,
,,9128286X3,MARKET BASED NOTE,2.125%,05/31/26,,0.000000,99.687500,0.000000,,NOTE,,3.784%,,,
,,91282CCF6,MARKET BASED NOTE,0.750%,05/31/26,,0.000000,99.437500,0.000000,,NOTE,,3.773%,,,
,,91282CKS9,MARKET BASED NOTE,4.875%,05/31/26,,0.000000,100.187500,0.000000,,NOTE,,3.806%,,,
,,91282CHH7,MARKET BASED NOTE,4.125%,06/15/26,,0.000000,100.093750,0.000000,,NOTE,,3.669%,,,
,,91282CKY6,MARKET BASED NOTE,4.625%,06/30/26,,0.000000,100.218750,0.000000,,NOTE,,3.764%,,,
,,91282CCJ8,MARKET BASED NOTE,0.875%,06/30/26,,0.000000,99.250000,0.000000,,NOTE,,3.681%,,,
,,9128287B0,MARKET BASED NOTE,1.875%,06/30/26,,0.000000,99.500000,0.000000,,NOTE,,3.735%,,,
,,91282CHM6,MARKET BASED NOTE,4.500%,07/15/26,,0.000000,100.218750,0.000000,,NOTE,,3.759%,,,
,,91282CLB5,MARKET BASED NOTE,4.375%,07/31/26,,0.000000,100.218750,0.000000,,NOTE,,3.730%,,,
,,912828Y95,MARKET BASED NOTE,1.875%,07/31/26,,0.000000,99.343750,0.000000,,NOTE,,3.731%,,,
,,91282CCP4,MARKET BASED NOTE,0.625%,07/31/26,,0.000000,98.906250,0.000000,,NOTE,,3.732%,,,
,,9128282A7,MARKET BASED NOTE,1.500%,08/15/26,,0.000000,99.093750,0.000000,,NOTE,,3.807%,,,
,,91282CHU8,MARKET BASED NOTE,4.375%,08/15/26,,0.000000,100.218750,0.000000,,NOTE,,3.800%,,,
,,91282CLH2,MARKET BASED NOTE,3.750%,08/31/26,,0.000000,99.968750,0.000000,,NOTE,,3.814%,,,
,,912828YD6,MARKET BASED NOTE,1.375%,08/31/26,,0.000000,98.968750,0.000000,,NOTE,,3.782%,,,
,,91282CCW9,MARKET BASED NOTE,0.750%,08/31/26,,0.000000,98.687500,0.000000,,NOTE,,3.817%,,,
,,91282CHY0,MARKET BASED NOTE,4.625%,09/15/26,,0.000000,100.406250,0.000000,,NOTE,,3.751%,,,
,,91282CLP4,MARKET BASED NOTE,3.500%,09/30/26,,99.859375,99.843750,0.000000,,NOTE,3.776%,3.807%,,0.031%,0.0156%
,,91282CCZ2,MARKET BASED NOTE,0.875%,09/30/26,,98.531250,98.500000,0.000000,,NOTE,3.773%,3.835%,,0.063%,0.0317%
,,912828YG9,MARKET BASED NOTE,1.625%,09/30/26,,98.921875,98.906250,0.000000,,NOTE,3.751%,3.783%,,0.031%,0.0158%
,,91282CJC6,MARKET BASED NOTE,4.625%,10/15/26,,100.468750,100.437500,0.000000,,NOTE,3.768%,3.824%,,0.057%,0.0311%
,,91282CLS8,MARKET BASED NOTE,4.125%,10/31/26,,100.171875,100.156250,0.000000,,NOTE,3.828%,3.855%,,0.026%,0.0156%
,,912828YQ7,MARKET BASED NOTE,1.625%,10/31/26,,98.718750,98.687500,0.000000,,NOTE,3.795%,3.849%,,0.054%,0.0317%
,,91282CDG3,MARKET BASED NOTE,1.125%,10/31/26,,98.421875,98.406250,0.000000,,NOTE,3.799%,3.826%,,0.027%,0.0159%
,,912828U24,MARKET BASED NOTE,2.000%,11/15/26,,98.875000,98.843750,0.000000,,NOTE,3.783%,3.833%,,0.050%,0.0316%
,,91282CJK8,MARKET BASED NOTE,4.625%,11/15/26,,100.500000,100.468750,0.000000,,NOTE,3.824%,3.873%,,0.049%,0.0311%
,,91282CLY5,MARKET BASED NOTE,4.250%,11/30/26,,100.296875,100.281250,0.000000,,NOTE,3.800%,3.823%,,0.023%,0.0156%
,,912828YU8,MARKET BASED NOTE,1.625%,11/30/26,,98.546875,98.531250,0.000000,,NOTE,3.791%,3.815%,,0.024%,0.0159%
,,91282CDK4,MARKET BASED NOTE,1.250%,11/30/26,,98.281250,98.250000,0.000000,,NOTE,3.814%,3.861%,,0.047%,0.0318%
,,91282CJP7,MARKET BASED NOTE,4.375%,12/15/26,,100.406250,100.375000,0.000000,,NOTE,3.797%,3.840%,,0.044%,0.0311%
,,91282CME8,MARKET BASED NOTE,4.250%,12/31/26,,100.328125,100.312500,0.000000,,NOTE,3.807%,3.828%,,0.021%,0.0156%
,,91282CDQ1,MARKET BASED NOTE,1.250%,12/31/26,,98.078125,98.062500,0.000000,,NOTE,3.802%,3.823%,,0.021%,0.0159%
,,912828YX2,MARKET BASED NOTE,1.750%,12/31/26,,98.453125,98.437500,0.000000,,NOTE,3.803%,3.824%,,0.021%,0.0159%
,,91282CJT9,MARKET BASED NOTE,4.000%,01/15/27,,100.140625,100.125000,0.000000,,NOTE,3.817%,3.837%,,0.020%,0.0156%
,,91282CMH1,MARKET BASED NOTE,4.125%,01/31/27,,100.234375,100.218750,0.000000,,NOTE,3.839%,3.858%,,0.019%,0.0156%
,,912828Z78,MARKET BASED NOTE,1.500%,01/31/27,,98.046875,98.031250,0.000000,,NOTE,3.839%,3.858%,,0.019%,0.0159%
,,912828V98,MARKET BASED NOTE,2.250%,02/15/27,,98.609375,98.593750,0.000000,,NOTE,3.839%,3.857%,,0.018%,0.0158%
,,91282CKA8,MARKET BASED NOTE,4.125%,02/15/27,,100.234375,100.218750,0.000000,,NOTE,3.853%,3.871%,,0.018%,0.0156%
,,91282CMP3,MARKET BASED NOTE,4.125%,02/28/27,,100.265625,100.250000,0.000000,,NOTE,3.830%,3.847%,,0.017%,0.0156%
,,912828ZB9,MARKET BASED NOTE,1.125%,02/28/27,,97.546875,97.531250,0.000000,,NOTE,3.824%,3.841%,,0.018%,0.0160%
,,91282CEC1,MARKET BASED NOTE,1.875%,02/28/27,,98.218750,98.187500,0.000000,,NOTE,3.834%,3.869%,,0.035%,0.0318%
,,91282CKE0,MARKET BASED NOTE,4.250%,03/15/27,,100.437500,100.406250,0.000000,,NOTE,3.788%,3.821%,,0.033%,0.0311%
,,91282CMV0,MARKET BASED NOTE,3.875%,03/31/27,,100.078125,100.062500,0.000000,,NOTE,3.795%,3.811%,,0.016%,0.0156%
,,91282CEF4,MARKET BASED NOTE,2.500%,03/31/27,,98.703125,98.687500,0.000000,,NOTE,3.809%,3.825%,,0.016%,0.0158%
,,912828ZE3,MARKET BASED NOTE,0.625%,03/31/27,,96.859375,96.843750,0.000000,,NOTE,3.795%,3.812%,,0.016%,0.0161%
,,91282CKJ9,MARKET BASED NOTE,4.500%,04/15/27,,100.687500,100.656250,0.000000,,NOTE,3.830%,3.860%,,0.030%,0.0310%
,,91282CMY4,MARKET BASED NOTE,3.750%,04/30/27,,99.890625,99.875000,0.000000,,NOTE,3.850%,3.864%,,0.015%,0.0156%
,,912828ZN3,MARKET BASED NOTE,0.500%,04/30/27,,96.406250,96.375000,0.000000,,NOTE,3.863%,3.893%,,0.030%,0.0324%
,,91282CEN7,MARKET BASED NOTE,2.750%,04/30/27,,98.812500,98.781250,0.000000,,NOTE,3.859%,3.889%,,0.029%,0.0316%
,,912828X88,MARKET BASED NOTE,2.375%,05/15/27,,98.343750,98.312500,0.000000,,NOTE,3.867%,3.896%,,0.029%,0.0318%
,,91282CKR1,MARKET BASED NOTE,4.500%,05/15/27,,100.671875,100.656250,0.000000,,NOTE,3.890%,3.904%,,0.014%,0.0155%
,,91282CNE7,MARKET BASED NOTE,3.875%,05/31/27,,99.984375,99.968750,0.000000,,NOTE,3.885%,3.898%,,0.014%,0.0156%
,,912828ZS2,MARKET BASED NOTE,0.500%,05/31/27,,96.125000,96.093750,0.000000,,NOTE,3.872%,3.900%,,0.028%,0.0325%
,,91282CET4,MARKET BASED NOTE,2.625%,05/31/27,,98.546875,98.531250,0.000000,,NOTE,3.887%,3.901%,,0.014%,0.0159%
,,91282CKV2,MARKET BASED NOTE,4.625%,06/15/27,,100.859375,100.843750,0.000000,,NOTE,3.897%,3.910%,,0.013%,0.0155%
,,91282CNL1,MARKET BASED NOTE,3.750%,06/30/27,,99.828125,99.812500,0.000000,,NOTE,3.886%,3.899%,,0.013%,0.0157%
,,91282CEW7,MARKET BASED NOTE,3.250%,06/30/27,,99.203125,99.187500,0.000000,,NOTE,3.896%,3.909%,,0.013%,0.0158%
,,912828ZV5,MARKET BASED NOTE,0.500%,06/30/27,,95.859375,95.843750,0.000000,,NOTE,3.874%,3.887%,,0.013%,0.0163%
,,91282CKZ3,MARKET BASED NOTE,4.375%,07/15/27,,100.609375,100.593750,0.000000,,NOTE,3.890%,3.903%,,0.012%,0.0155%
,,91282CNP2,MARKET BASED NOTE,3.875%,07/31/27,,99.953125,99.937500,0.000000,,NOTE,3.908%,3.920%,,0.012%,0.0156%
,,91282CAD3,MARKET BASED NOTE,0.375%,07/31/27,,95.390625,95.375000,0.000000,,NOTE,3.897%,3.909%,,0.012%,0.0164%
,,91282CFB2,MARKET BASED NOTE,2.750%,07/31/27,,98.484375,98.468750,0.000000,,NOTE,3.906%,3.918%,,0.012%,0.0159%
,,9128282R0,MARKET BASED NOTE,2.250%,08/15/27,,97.765625,97.750000,0.000000,,NOTE,3.907%,3.919%,,0.012%,0.0160%
,,91282CLG4,MARKET BASED NOTE,3.750%,08/15/27,,99.796875,99.781250,0.000000,,NOTE,3.899%,3.910%,,0.012%,0.0157%
,,91282CNV9,MARKET BASED NOTE,3.625%,08/31/27,,99.609375,99.593750,0.000000,,NOTE,3.906%,3.918%,,0.011%,0.0157%
,,91282CAH4,MARKET BASED NOTE,0.500%,08/31/27,,95.281250,95.250000,0.000000,,NOTE,3.914%,3.937%,,0.023%,0.0328%
,,91282CFH9,MARKET BASED NOTE,3.125%,08/31/27,,98.890625,98.875000,0.000000,,NOTE,3.927%,3.938%,,0.011%,0.0158%
,,91282CLL3,MARKET BASED NOTE,3.375%,09/15/27,,99.234375,99.218750,0.000000,,NOTE,3.914%,3.925%,,0.011%,0.0157%
,,91282CPB1,MARKET BASED NOTE,3.500%,09/30/27,,99.390625,99.375000,0.000000,,NOTE,3.917%,3.928%,,0.011%,0.0157%
,,91282CFM8,MARKET BASED NOTE,4.125%,09/30/27,,100.312500,100.281250,0.000000,,NOTE,3.910%,3.932%,,0.021%,0.0312%
,,91282CAL5,MARKET BASED NOTE,0.375%,09/30/27,,94.859375,94.843750,0.000000,,NOTE,3.899%,3.910%,,0.011%,0.0165%
,,91282CLQ2,MARKET BASED NOTE,3.875%,10/15/27,,99.937500,99.906250,0.000000,,NOTE,3.915%,3.936%,,0.021%,0.0313%
,,91282CPE5,MARKET BASED NOTE,3.500%,10/31/27,,99.359375,99.343750,0.000000,,NOTE,3.915%,3.925%,,0.010%,0.0157%
,,91282CAU5,MARKET BASED NOTE,0.500%,10/31/27,,94.765625,94.750000,0.000000,,NOTE,3.902%,3.912%,,0.011%,0.0165%
,,91282CFU0,MARKET BASED NOTE,4.125%,10/31/27,,100.328125,100.312500,0.000000,,NOTE,3.910%,3.920%,,0.010%,0.0156%
,,9128283F5,MARKET BASED NOTE,2.250%,11/15/27,,97.390625,97.375000,0.000000,,NOTE,3.903%,3.913%,,0.010%,0.0160%
,,91282CLX7,MARKET BASED NOTE,4.125%,11/15/27,,100.328125,100.312500,0.000000,,NOTE,3.914%,3.924%,,0.010%,0.0156%
,,91282CPL9,MARKET BASED NOTE,3.375%,11/30/27,,99.140625,99.125000,0.000000,,NOTE,3.905%,3.914%,,0.010%,0.0158%
,,91282CAY7,MARKET BASED NOTE,0.625%,11/30/27,,94.718750,94.687500,0.000000,,NOTE,3.893%,3.913%,,0.020%,0.0330%
,,91282CFZ9,MARKET BASED NOTE,3.875%,11/30/27,,99.953125,99.937500,0.000000,,NOTE,3.901%,3.911%,,0.010%,0.0156%
,,91282CMB4,MARKET BASED NOTE,4.000%,12/15/27,,100.140625,100.125000,0.000000,,NOTE,3.912%,3.922%,,0.009%,0.0156%
,,91282CPS4,MARKET BASED NOTE,3.375%,12/31/27,,99.109375,99.093750,0.000000,,NOTE,3.898%,3.907%,,0.009%,0.0158%
,,91282CGC9,MARKET BASED NOTE,3.875%,12/31/27,,99.953125,99.937500,0.000000,,NOTE,3.900%,3.909%,,0.009%,0.0156%
,,91282CBB6,MARKET BASED NOTE,0.625%,12/31/27,,94.453125,94.437500,0.000000,,NOTE,3.897%,3.906%,,0.010%,0.0165%
,,91282CMF5,MARKET BASED NOTE,4.250%,01/15/28,,100.593750,100.562500,0.000000,,NOTE,3.905%,3.923%,,0.018%,0.0311%
,,91282CBJ9,MARKET BASED NOTE,0.750%,01/31/28,,94.421875,94.406250,0.000000,,NOTE,3.894%,3.903%,,0.009%,0.0166%
,,91282CGH8,MARKET BASED NOTE,3.500%,01/31/28,,99.296875,99.281250,0.000000,,NOTE,3.894%,3.903%,,0.009%,0.0157%
,,9128283W8,MARKET BASED NOTE,2.750%,02/15/28,,97.937500,97.906250,0.000000,,NOTE,3.887%,3.904%,,0.017%,0.0319%
,,91282CMN8,MARKET BASED NOTE,4.250%,02/15/28,,100.640625,100.625000,0.000000,,NOTE,3.895%,3.903%,,0.009%,0.0155%
,,91282CQB0,MARKET BASED NOTE,3.375%,02/29/28,,99.078125,99.062500,0.000000,,NOTE,3.873%,3.882%,,0.009%,0.0158%
,,91282CGP0,MARKET BASED NOTE,4.000%,02/29/28,,100.203125,100.187500,0.000000,,NOTE,3.889%,3.897%,,0.008%,0.0156%
,,91282CBP5,MARKET BASED NOTE,1.125%,02/29/28,,94.890625,94.875000,0.000000,,NOTE,3.893%,3.902%,,0.009%,0.0165%
,,91282CMS7,MARKET BASED NOTE,3.875%,03/15/28,,99.984375,99.968750,0.000000,,NOTE,3.883%,3.891%,,0.008%,0.0156%
,,91282CBS9,MARKET BASED NOTE,1.250%,03/31/28,,94.921875,94.906250,0.000000,,NOTE,3.889%,3.898%,,0.008%,0.0165%
,,91282CGT2,MARKET BASED NOTE,3.625%,03/31/28,,99.500000,99.500000,0.000000,,NOTE,3.885%,3.885%,,0.000%,0.0000%
,,91282CMW8,MARKET BASED NOTE,3.750%,04/15/28,,99.734375,99.718750,0.000000,,NOTE,3.884%,3.892%,,0.008%,0.0157%
,,91282CHA2,MARKET BASED NOTE,3.500%,04/30/28,,99.218750,99.187500,0.000000,,NOTE,3.889%,3.905%,,0.016%,0.0315%
,,91282CBZ3,MARKET BASED NOTE,1.250%,04/30/28,,94.718750,94.687500,0.000000,,NOTE,3.891%,3.907%,,0.016%,0.0330%
,,9128284N7,MARKET BASED NOTE,2.875%,05/15/28,,97.937500,97.906250,0.000000,,NOTE,3.886%,3.901%,,0.016%,0.0319%
,,91282CND9,MARKET BASED NOTE,3.750%,05/15/28,,99.703125,99.687500,0.000000,,NOTE,3.894%,3.902%,,0.008%,0.0157%
,,91282CHE4,MARKET BASED NOTE,3.625%,05/31/28,,99.453125,99.437500,0.000000,,NOTE,3.886%,3.894%,,0.008%,0.0157%
,,91282CCE9,MARKET BASED NOTE,1.250%,05/31/28,,94.515625,94.500000,0.000000,,NOTE,3.890%,3.898%,,0.008%,0.0165%
,,91282CNH0,MARKET BASED NOTE,3.875%,06/15/28,,99.984375,99.968750,0.000000,,NOTE,3.880%,3.888%,,0.007%,0.0156%
,,91282CHK0,MARKET BASED NOTE,4.000%,06/30/28,,100.265625,100.250000,0.000000,,NOTE,3.874%,3.882%,,0.007%,0.0156%
,,91282CCH2,MARKET BASED NOTE,1.250%,06/30/28,,94.328125,94.312500,0.000000,,NOTE,3.885%,3.892%,,0.008%,0.0166%
,,91282CNM9,MARKET BASED NOTE,3.875%,07/15/28,,99.953125,99.937500,0.000000,,NOTE,3.894%,3.902%,,0.007%,0.0156%
,,91282CHQ7,MARKET BASED NOTE,4.125%,07/31/28,,100.531250,100.500000,0.000000,,NOTE,3.885%,3.899%,,0.014%,0.0311%
,,91282CCR0,MARKET BASED NOTE,1.000%,07/31/28,,93.562500,93.531250,0.000000,,NOTE,3.885%,3.900%,,0.015%,0.0334%
,,9128284V9,MARKET BASED NOTE,2.875%,08/15/28,,97.734375,97.687500,0.000000,,NOTE,3.873%,3.894%,,0.021%,0.0480%
,,91282CNU1,MARKET BASED NOTE,3.625%,08/15/28,,99.421875,99.406250,0.000000,,NOTE,3.879%,3.885%,,0.007%,0.0157%
,,91282CHX2,MARKET BASED NOTE,4.375%,08/31/28,,101.125000,101.093750,0.000000,,NOTE,3.885%,3.899%,,0.013%,0.0309%
,,91282CCV1,MARKET BASED NOTE,1.125%,08/31/28,,93.656250,93.625000,0.000000,,NOTE,3.880%,3.895%,,0.014%,0.0334%
,,91282CNY3,MARKET BASED NOTE,3.375%,09/15/28,,98.796875,98.781250,0.000000,,NOTE,3.889%,3.896%,,0.007%,0.0158%
,,91282CJA0,MARKET BASED NOTE,4.625%,09/30/28,,101.765625,101.750000,0.000000,,NOTE,3.881%,3.888%,,0.007%,0.0154%
,,91282CCY5,MARKET BASED NOTE,1.250%,09/30/28,,93.718750,93.687500,0.000000,,NOTE,3.894%,3.908%,,0.014%,0.0334%
,,91282CPC9,MARKET BASED NOTE,3.500%,10/15/28,,99.046875,99.031250,0.000000,,NOTE,3.894%,3.900%,,0.007%,0.0158%
,,91282CJF9,MARKET BASED NOTE,4.875%,10/31/28,,102.406250,102.375000,0.000000,,NOTE,3.892%,3.905%,,0.013%,0.0305%
,,91282CDF5,MARKET BASED NOTE,1.375%,10/31/28,,93.843750,93.812500,0.000000,,NOTE,3.885%,3.898%,,0.013%,0.0333%
,,9128285M8,MARKET BASED NOTE,3.125%,11/15/28,,98.093750,98.062500,0.000000,,NOTE,3.890%,3.902%,,0.013%,0.0319%
,,91282CPK1,MARKET BASED NOTE,3.500%,11/15/28,,99.015625,99.000000,0.000000,,NOTE,3.894%,3.900%,,0.006%,0.0158%
,,91282CJN2,MARKET BASED NOTE,4.375%,11/30/28,,101.218750,101.187500,0.000000,,NOTE,3.891%,3.903%,,0.012%,0.0309%
,,91282CDL2,MARKET BASED NOTE,1.500%,11/30/28,,93.968750,93.937500,0.000000,,NOTE,3.887%,3.899%,,0.013%,0.0333%
,,91282CPP0,MARKET BASED NOTE,3.500%,12/15/28,,98.984375,98.968750,0.000000,,NOTE,3.894%,3.901%,,0.006%,0.0158%
,,91282CJR3,MARKET BASED NOTE,3.750%,12/31/28,,99.640625,99.625000,0.000000,,NOTE,3.886%,3.892%,,0.006%,0.0157%
,,91282CDP3,MARKET BASED NOTE,1.375%,12/31/28,,93.468750,93.437500,0.000000,,NOTE,3.883%,3.896%,,0.013%,0.0334%
,,91282CPT2,MARKET BASED NOTE,3.500%,01/15/29,,98.953125,98.937500,0.000000,,NOTE,3.895%,3.901%,,0.006%,0.0158%
,,91282CJW2,MARKET BASED NOTE,4.000%,01/31/29,,100.281250,100.250000,0.000000,,NOTE,3.894%,3.905%,,0.012%,0.0312%
,,91282CDW8,MARKET BASED NOTE,1.750%,01/31/29,,94.281250,94.250000,0.000000,,NOTE,3.884%,3.896%,,0.012%,0.0332%
,,9128286B1,MARKET BASED NOTE,2.625%,02/15/29,,96.562500,96.531250,0.000000,,NOTE,3.890%,3.902%,,0.012%,0.0324%
,,91282CQA2,MARKET BASED NOTE,3.500%,02/15/29,,98.937500,98.937500,0.000000,,NOTE,3.890%,3.890%,,0.000%,0.0000%
,,91282CKD2,MARKET BASED NOTE,4.250%,02/28/29,,100.968750,100.937500,0.000000,,NOTE,3.896%,3.908%,,0.011%,0.0310%
,,91282CEB3,MARKET BASED NOTE,1.875%,02/28/29,,94.468750,94.437500,0.000000,,NOTE,3.888%,3.900%,,0.012%,0.0331%
,,91282CQE4,MARKET BASED NOTE,3.500%,03/15/29,,98.921875,98.906250,0.000000,,NOTE,3.887%,3.893%,,0.006%,0.0158%
,,91282CKG5,MARKET BASED NOTE,4.125%,03/31/29,,100.656250,100.625000,0.000000,,NOTE,3.892%,3.903%,,0.011%,0.0311%
,,91282CEE7,MARKET BASED NOTE,2.375%,03/31/29,,95.687500,95.656250,0.000000,,NOTE,3.903%,3.914%,,0.011%,0.0327%
,,91282CEM9,MARKET BASED NOTE,2.875%,04/30/29,,97.031250,97.000000,0.000000,,NOTE,3.900%,3.911%,,0.011%,0.0322%
,,91282CKP5,MARKET BASED NOTE,4.625%,04/30/29,,102.093750,102.062500,0.000000,,NOTE,3.900%,3.911%,,0.011%,0.0306%
,,9128286T2,MARKET BASED NOTE,2.375%,05/15/29,,95.531250,95.500000,0.000000,,NOTE,3.898%,3.909%,,0.011%,0.0327%
,,91282CES6,MARKET BASED NOTE,2.750%,05/31/29,,96.562500,96.531250,0.000000,,NOTE,3.907%,3.917%,,0.011%,0.0324%
,,91282CKT7,MARKET BASED NOTE,4.500%,05/31/29,,101.750000,101.718750,0.000000,,NOTE,3.909%,3.919%,,0.010%,0.0307%
,,91282CKX8,MARKET BASED NOTE,4.250%,06/30/29,,101.031250,101.000000,0.000000,,NOTE,3.909%,3.919%,,0.010%,0.0309%
,,91282CEV9,MARKET BASED NOTE,3.250%,06/30/29,,98.000000,97.968750,0.000000,,NOTE,3.906%,3.917%,,0.010%,0.0319%
,,91282CFC0,MARKET BASED NOTE,2.625%,07/31/29,,96.000000,95.968750,0.000000,,NOTE,3.907%,3.918%,,0.010%,0.0326%
,,91282CLC3,MARKET BASED NOTE,4.000%,07/31/29,,100.265625,100.250000,0.000000,,NOTE,3.914%,3.919%,,0.005%,0.0156%
,,912828YB0,MARKET BASED NOTE,1.625%,08/15/29,,92.843750,92.812500,0.000000,,NOTE,3.894%,3.904%,,0.010%,0.0337%
,,91282CFJ5,MARKET BASED NOTE,3.125%,08/31/29,,97.437500,97.406250,0.000000,,NOTE,3.929%,3.939%,,0.010%,0.0321%
,,91282CLK5,MARKET BASED NOTE,3.625%,08/31/29,,99.031250,99.000000,0.000000,,NOTE,3.929%,3.939%,,0.010%,0.0316%
,,91282CLN9,MARKET BASED NOTE,3.500%,09/30/29,,98.593750,98.562500,0.000000,,NOTE,3.932%,3.942%,,0.010%,0.0317%
,,91282CFL0,MARKET BASED NOTE,3.875%,09/30/29,,99.812500,99.781250,0.000000,,NOTE,3.932%,3.942%,,0.010%,0.0313%
,,91282CFT3,MARKET BASED NOTE,4.000%,10/31/29,,100.187500,100.156250,0.000000,,NOTE,3.943%,3.952%,,0.009%,0.0312%
,,91282CLR0,MARKET BASED NOTE,4.125%,10/31/29,,100.609375,100.593750,0.000000,,NOTE,3.941%,3.946%,,0.005%,0.0155%
,,912828YS3,MARKET BASED NOTE,1.750%,11/15/29,,92.718750,92.687500,0.000000,,NOTE,3.913%,3.923%,,0.010%,0.0337%
,,91282CFY2,MARKET BASED NOTE,3.875%,11/30/29,,99.781250,99.750000,0.000000,,NOTE,3.938%,3.947%,,0.009%,0.0313%
,,91282CMA6,MARKET BASED NOTE,4.125%,11/30/29,,100.640625,100.625000,0.000000,,NOTE,3.935%,3.940%,,0.005%,0.0155%
,,91282CMD0,MARKET BASED NOTE,4.375%,12/31/29,,101.500000,101.468750,0.000000,,NOTE,3.941%,3.950%,,0.009%,0.0308%
,,91282CGB1,MARKET BASED NOTE,3.875%,12/31/29,,99.750000,99.718750,0.000000,,NOTE,3.946%,3.955%,,0.009%,0.0313%
,,91282CGJ4,MARKET BASED NOTE,3.500%,01/31/30,,98.406250,98.375000,0.000000,,NOTE,3.949%,3.958%,,0.009%,0.0318%
,,91282CMG3,MARKET BASED NOTE,4.250%,01/31/30,,101.046875,101.031250,0.000000,,NOTE,3.953%,3.958%,,0.004%,0.0155%
,,912828Z94,MARKET BASED NOTE,1.500%,02/15/30,,91.250000,91.218750,0.000000,,NOTE,3.943%,3.953%,,0.009%,0.0343%
,,91282CGQ8,MARKET BASED NOTE,4.000%,02/28/30,,100.156250,100.125000,0.000000,,NOTE,3.956%,3.965%,,0.009%,0.0312%
,,91282CGS4,MARKET BASED NOTE,3.625%,03/31/30,,98.750000,98.718750,0.000000,,NOTE,3.964%,3.973%,,0.009%,0.0317%
,,91282CMU2,MARKET BASED NOTE,4.000%,03/31/30,,100.140625,100.125000,0.000000,,NOTE,3.962%,3.966%,,0.004%,0.0156%
,,91282CMZ1,MARKET BASED NOTE,3.875%,04/30/30,,99.671875,99.656250,0.000000,,NOTE,3.962%,3.966%,,0.004%,0.0157%
,,91282CGZ8,MARKET BASED NOTE,3.500%,04/30/30,,98.250000,98.218750,0.000000,,NOTE,3.966%,3.974%,,0.008%,0.0318%
,,912828ZQ6,MARKET BASED NOTE,0.625%,05/15/30,,87.343750,87.312500,0.000000,,NOTE,3.967%,3.976%,,0.009%,0.0358%
,,91282CNG2,MARKET BASED NOTE,4.000%,05/31/30,,100.125000,100.125000,0.000000,,NOTE,3.966%,3.966%,,0.000%,0.0000%
,,91282CHF1,MARKET BASED NOTE,3.750%,05/31/30,,99.171875,99.156250,0.000000,,NOTE,3.965%,3.970%,,0.004%,0.0158%
,,91282CHJ3,MARKET BASED NOTE,3.750%,06/30/30,,99.125000,99.093750,0.000000,,NOTE,3.974%,3.982%,,0.008%,0.0315%
,,91282CNK3,MARKET BASED NOTE,3.875%,06/30/30,,99.609375,99.593750,0.000000,,NOTE,3.974%,3.978%,,0.004%,0.0157%
,,91282CNN7,MARKET BASED NOTE,3.875%,07/31/30,,99.609375,99.593750,0.000000,,NOTE,3.973%,3.977%,,0.004%,0.0157%
,,91282CHR5,MARKET BASED NOTE,4.000%,07/31/30,,100.093750,100.062500,0.000000,,NOTE,3.975%,3.983%,,0.008%,0.0312%
,,91282CAE1,MARKET BASED NOTE,0.625%,08/15/30,,86.593750,86.562500,0.000000,,NOTE,3.978%,3.986%,,0.008%,0.0361%
,,91282CHW4,MARKET BASED NOTE,4.125%,08/31/30,,100.546875,100.531250,0.000000,,NOTE,3.989%,3.993%,,0.004%,0.0155%
,,91282CNX5,MARKET BASED NOTE,3.625%,08/31/30,,98.546875,98.531250,0.000000,,NOTE,3.985%,3.989%,,0.004%,0.0159%
,,91282CPA3,MARKET BASED NOTE,3.625%,09/30/30,,98.515625,98.500000,0.000000,,NOTE,3.987%,3.991%,,0.004%,0.0159%
,,91282CHZ7,MARKET BASED NOTE,4.625%,09/30/30,,102.593750,102.562500,0.000000,,NOTE,3.992%,3.999%,,0.008%,0.0305%
,,91282CJG7,MARKET BASED NOTE,4.875%,10/31/30,,103.687500,103.656250,0.000000,,NOTE,3.989%,3.996%,,0.007%,0.0301%
,,91282CPD7,MARKET BASED NOTE,3.625%,10/31/30,,98.453125,98.437500,0.000000,,NOTE,3.996%,3.999%,,0.004%,0.0159%
,,91282CAV3,MARKET BASED NOTE,0.875%,11/15/30,,86.906250,86.875000,0.000000,,NOTE,3.992%,4.000%,,0.008%,0.0360%
,,91282CJM4,MARKET BASED NOTE,4.375%,11/30/30,,101.593750,101.562500,0.000000,,NOTE,3.997%,4.005%,,0.007%,0.0308%
,,91282CPN5,MARKET BASED NOTE,3.500%,11/30/30,,97.921875,97.906250,0.000000,,NOTE,3.990%,3.993%,,0.004%,0.0160%
,,91282CPR6,MARKET BASED NOTE,3.625%,12/31/30,,98.390625,98.375000,0.000000,,NOTE,3.998%,4.002%,,0.004%,0.0159%
,,91282CJQ5,MARKET BASED NOTE,3.750%,12/31/30,,98.906250,98.875000,0.000000,,NOTE,4.003%,4.010%,,0.007%,0.0316%
,,91282CJX0,MARKET BASED NOTE,4.000%,01/31/31,,99.968750,99.937500,0.000000,,NOTE,4.006%,4.013%,,0.007%,0.0313%
,,91282CPW5,MARKET BASED NOTE,3.750%,01/31/31,,98.921875,98.906250,0.000000,,NOTE,3.996%,3.999%,,0.004%,0.0158%
,,91282CBL4,MARKET BASED NOTE,1.125%,02/15/31,,87.406250,87.375000,0.000000,,NOTE,3.980%,3.988%,,0.008%,0.0358%
,,91282CQD6,MARKET BASED NOTE,3.500%,02/28/31,,97.843750,97.843750,0.000000,,NOTE,3.985%,3.985%,,0.000%,0.0000%
,,91282CKC4,MARKET BASED NOTE,4.250%,02/28/31,,101.062500,101.031250,0.000000,,NOTE,4.010%,4.017%,,0.007%,0.0309%
,,91282CKF7,MARKET BASED NOTE,4.125%,03/31/31,,100.484375,100.468750,0.000000,,NOTE,4.017%,4.021%,,0.003%,0.0156%
,,91282CKN0,MARKET BASED NOTE,4.625%,04/30/31,,102.734375,102.718750,0.000000,,NOTE,4.026%,4.029%,,0.003%,0.0152%
,,91282CCB5,MARKET BASED NOTE,1.625%,05/15/31,,88.937500,88.906250,0.000000,,NOTE,4.027%,4.035%,,0.007%,0.0351%
,,91282CKU4,MARKET BASED NOTE,4.625%,05/31/31,,102.750000,102.718750,0.000000,,NOTE,4.031%,4.038%,,0.007%,0.0304%
,,91282CKW0,MARKET BASED NOTE,4.250%,06/30/31,,101.015625,101.000000,0.000000,,NOTE,4.033%,4.036%,,0.003%,0.0155%
,,91282CLD1,MARKET BASED NOTE,4.125%,07/31/31,,100.421875,100.406250,0.000000,,NOTE,4.036%,4.039%,,0.003%,0.0156%
,,91282CCS8,MARKET BASED NOTE,1.250%,08/15/31,,86.546875,86.500000,0.000000,,NOTE,4.049%,4.060%,,0.011%,0.0542%
,,91282CLJ8,MARKET BASED NOTE,3.750%,08/31/31,,98.531250,98.500000,0.000000,,NOTE,4.053%,4.060%,,0.007%,0.0317%
,,91282CLM1,MARKET BASED NOTE,3.625%,09/30/31,,97.875000,97.843750,0.000000,,NOTE,4.059%,4.065%,,0.006%,0.0319%
,,91282CLU3,MARKET BASED NOTE,4.125%,10/31/31,,100.296875,100.281250,0.000000,,NOTE,4.065%,4.068%,,0.003%,0.0156%
,,91282CDJ7,MARKET BASED NOTE,1.375%,11/15/31,,86.468750,86.437500,0.000000,,NOTE,4.083%,4.090%,,0.007%,0.0362%
,,91282CLZ2,MARKET BASED NOTE,4.125%,11/30/31,,100.265625,100.250000,0.000000,,NOTE,4.071%,4.074%,,0.003%,0.0156%
,,91282CMC2,MARKET BASED NOTE,4.500%,12/31/31,,102.125000,102.093750,0.000000,,NOTE,4.082%,4.088%,,0.006%,0.0306%
,,91282CMK4,MARKET BASED NOTE,4.375%,01/31/32,,101.453125,101.437500,0.000000,,NOTE,4.093%,4.096%,,0.003%,0.0154%
,,91282CDY4,MARKET BASED NOTE,1.875%,02/15/32,,88.406250,88.375000,0.000000,,NOTE,4.108%,4.115%,,0.006%,0.0354%
,,91282CMR9,MARKET BASED NOTE,4.125%,02/29/32,,100.140625,100.125000,0.000000,,NOTE,4.098%,4.101%,,0.003%,0.0156%
,,91282CMT5,MARKET BASED NOTE,4.125%,03/31/32,,100.078125,100.062500,0.000000,,NOTE,4.110%,4.113%,,0.003%,0.0156%
,,91282CNA5,MARKET BASED NOTE,4.000%,04/30/32,,99.390625,99.375000,0.000000,,NOTE,4.113%,4.116%,,0.003%,0.0157%
,,91282CEP2,MARKET BASED NOTE,2.875%,05/15/32,,93.281250,93.250000,0.000000,,NOTE,4.124%,4.130%,,0.006%,0.0335%
,,91282CNF4,MARKET BASED NOTE,4.125%,05/31/32,,100.015625,100.000000,0.000000,,NOTE,4.121%,4.124%,,0.003%,0.0156%
,,91282CNJ6,MARKET BASED NOTE,4.000%,06/30/32,,99.296875,99.281250,0.000000,,NOTE,4.128%,4.130%,,0.003%,0.0157%
,,91282CNR8,MARKET BASED NOTE,4.000%,07/31/32,,99.234375,99.218750,0.000000,,NOTE,4.137%,4.140%,,0.003%,0.0157%
,,91282CFF3,MARKET BASED NOTE,2.750%,08/15/32,,92.234375,92.187500,0.000000,,NOTE,4.144%,4.153%,,0.009%,0.0508%
,,91282CNW7,MARKET BASED NOTE,3.875%,08/31/32,,98.484375,98.468750,0.000000,,NOTE,4.145%,4.148%,,0.003%,0.0159%
,,91282CNZ0,MARKET BASED NOTE,3.875%,09/30/32,,98.453125,98.437500,0.000000,,NOTE,4.148%,4.151%,,0.003%,0.0159%
,,91282CPF2,MARKET BASED NOTE,3.750%,10/31/32,,97.671875,97.656250,0.000000,,NOTE,4.156%,4.159%,,0.003%,0.0160%
,,91282CFV8,MARKET BASED NOTE,4.125%,11/15/32,,99.812500,99.781250,0.000000,,NOTE,4.157%,4.162%,,0.005%,0.0313%
,,91282CPM7,MARKET BASED NOTE,3.750%,11/30/32,,97.609375,97.593750,0.000000,,NOTE,4.163%,4.165%,,0.003%,0.0160%
,,91282CPQ8,MARKET BASED NOTE,3.875%,12/31/32,,98.265625,98.250000,0.000000,,NOTE,4.171%,4.174%,,0.003%,0.0159%
,,91282CPY1,MARKET BASED NOTE,4.000%,01/31/33,,98.984375,98.968750,0.000000,,NOTE,4.171%,4.174%,,0.003%,0.0158%
,,91282CGM7,MARKET BASED NOTE,3.500%,02/15/33,,95.968750,95.937500,0.000000,,NOTE,4.178%,4.184%,,0.005%,0.0326%
,,91282CQC8,MARKET BASED NOTE,3.750%,02/28/33,,97.453125,97.437500,0.000000,,NOTE,4.176%,4.179%,,0.003%,0.0160%
,,91282CHC8,MARKET BASED NOTE,3.375%,05/15/33,,94.984375,94.968750,0.000000,,NOTE,4.194%,4.197%,,0.003%,0.0165%
,,91282CHT1,MARKET BASED NOTE,3.875%,08/15/33,,97.890625,97.875000,0.000000,,NOTE,4.209%,4.212%,,0.003%,0.0160%
,,91282CJJ1,MARKET BASED NOTE,4.500%,11/15/33,,101.796875,101.781250,0.000000,,NOTE,4.222%,4.224%,,0.002%,0.0154%
,,91282CJZ5,MARKET BASED NOTE,4.000%,02/15/34,,98.375000,98.343750,0.000000,,NOTE,4.244%,4.249%,,0.005%,0.0318%
,,91282CKQ3,MARKET BASED NOTE,4.375%,05/15/34,,100.812500,100.781250,0.000000,,NOTE,4.255%,4.260%,,0.005%,0.0310%
,,91282CLF6,MARKET BASED NOTE,3.875%,08/15/34,,97.171875,97.156250,0.000000,,NOTE,4.279%,4.281%,,0.002%,0.0161%
,,91282CLW9,MARKET BASED NOTE,4.250%,11/15/34,,99.671875,99.656250,0.000000,,NOTE,4.295%,4.297%,,0.002%,0.0157%
,,91282CMM0,MARKET BASED NOTE,4.625%,02/15/35,,102.328125,102.312500,0.000000,,NOTE,4.307%,4.309%,,0.002%,0.0153%
,,91282CNC1,MARKET BASED NOTE,4.250%,05/15/35,,99.453125,99.437500,0.000000,,NOTE,4.322%,4.325%,,0.002%,0.0157%
,,91282CNT4,MARKET BASED NOTE,4.250%,08/15/35,,99.328125,99.312500,0.000000,,NOTE,4.337%,4.339%,,0.002%,0.0157%
,,91282CPJ4,MARKET BASED NOTE,4.000%,11/15/35,,97.234375,97.218750,0.000000,,NOTE,4.354%,4.356%,,0.002%,0.0161%
,,91282CPZ8,MARKET BASED NOTE,4.125%,02/15/36,,98.109375,98.093750,0.000000,,NOTE,4.362%,4.364%,,0.002%,0.0159%
,,912810EX2,MARKET BASED BOND,6.750%,08/15/26,,0.000000,100.875000,0.000000,,BOND,,4.480%,,,
,,912810EY0,MARKET BASED BOND,6.500%,11/15/26,,101.750000,101.500000,0.000000,,BOND,3.714%,4.104%,,0.390%,0.2463%
,,912810EZ7,MARKET BASED BOND,6.625%,02/15/27,,102.609375,102.312500,0.000000,,BOND,3.639%,3.971%,,0.333%,0.2902%
,,912810FA1,MARKET BASED BOND,6.375%,08/15/27,,103.359375,103.062500,0.000000,,BOND,3.879%,4.095%,,0.216%,0.2881%
,,912810FB9,MARKET BASED BOND,6.125%,11/15/27,,103.546875,103.218750,0.000000,,BOND,3.873%,4.076%,,0.203%,0.3179%
,,912810FE3,MARKET BASED BOND,5.500%,08/15/28,,103.656250,103.312500,0.000000,,BOND,3.886%,4.035%,,0.148%,0.3327%
,,912810FF0,MARKET BASED BOND,5.250%,11/15/28,,103.406250,103.156250,0.000000,,BOND,3.880%,3.978%,,0.098%,0.2424%
,,912810FG8,MARKET BASED BOND,5.250%,02/15/29,,103.875000,103.531250,0.000000,,BOND,3.823%,3.947%,,0.124%,0.3320%
,,912810FJ2,MARKET BASED BOND,6.125%,08/15/29,,106.906250,106.656250,0.000000,,BOND,3.932%,4.008%,,0.076%,0.2344%
,,912810FM5,MARKET BASED BOND,6.250%,05/15/30,,108.625000,108.375000,0.000000,,BOND,3.970%,4.033%,,0.063%,0.2307%
,,912810FP8,MARKET BASED BOND,5.375%,02/15/31,,106.046875,105.718750,0.000000,,BOND,4.002%,4.074%,,0.072%,0.3104%
,,912810FT0,MARKET BASED BOND,4.500%,02/15/36,,101.656250,101.437500,0.000000,,BOND,4.292%,4.319%,,0.027%,0.2157%
,,912810PT9,MARKET BASED BOND,4.750%,02/15/37,,103.203125,103.062500,0.000000,,BOND,4.377%,4.393%,,0.016%,0.1364%
,,912810PU6,MARKET BASED BOND,5.000%,05/15/37,,105.453125,105.281250,0.000000,,BOND,4.376%,4.395%,,0.019%,0.1633%
,,912810PW2,MARKET BASED BOND,4.375%,02/15/38,,99.406250,99.281250,0.000000,,BOND,4.439%,4.453%,,0.014%,0.1259%
,,912810PX0,MARKET BASED BOND,4.500%,05/15/38,,100.296875,100.156250,0.000000,,BOND,4.468%,4.483%,,0.015%,0.1404%
,,912810QA9,MARKET BASED BOND,3.500%,02/15/39,,89.796875,89.656250,0.000000,,BOND,4.554%,4.570%,,0.016%,0.1568%
,,912810QB7,MARKET BASED BOND,4.250%,05/15/39,,96.546875,96.406250,0.000000,,BOND,4.603%,4.617%,,0.015%,0.1459%
,,912810QC5,MARKET BASED BOND,4.500%,08/15/39,,98.578125,98.437500,0.000000,,BOND,4.643%,4.658%,,0.014%,0.1429%
,,912810QD3,MARKET BASED BOND,4.375%,11/15/39,,97.062500,96.937500,0.000000,,BOND,4.668%,4.681%,,0.013%,0.1289%
,,912810QE1,MARKET BASED BOND,4.625%,02/15/40,,99.484375,99.343750,0.000000,,BOND,4.675%,4.689%,,0.014%,0.1416%
,,912810QH4,MARKET BASED BOND,4.375%,05/15/40,,96.656250,96.531250,0.000000,,BOND,4.701%,4.713%,,0.012%,0.1295%
,,912810SR0,MARKET BASED BOND,1.125%,05/15/40,,62.609375,62.500000,0.000000,,BOND,4.796%,4.810%,,0.014%,0.1750%
,,912810QK7,MARKET BASED BOND,3.875%,08/15/40,,91.156250,91.031250,0.000000,,BOND,4.728%,4.741%,,0.013%,0.1373%
,,912810SQ2,MARKET BASED BOND,1.125%,08/15/40,,61.984375,61.875000,0.000000,,BOND,4.816%,4.830%,,0.014%,0.1768%
,,912810QL5,MARKET BASED BOND,4.250%,11/15/40,,94.828125,94.718750,0.000000,,BOND,4.743%,4.754%,,0.011%,0.1155%
,,912810ST6,MARKET BASED BOND,1.375%,11/15/40,,64.015625,63.937500,0.000000,,BOND,4.832%,4.841%,,0.010%,0.1222%
,,912810SW9,MARKET BASED BOND,1.875%,02/15/41,,68.875000,68.812500,0.000000,,BOND,4.829%,4.836%,,0.007%,0.0908%
,,912810QN1,MARKET BASED BOND,4.750%,02/15/41,,100.031250,99.937500,0.000000,,BOND,4.747%,4.755%,,0.009%,0.0938%
,,912810SY5,MARKET BASED BOND,2.250%,05/15/41,,72.453125,72.375000,0.000000,,BOND,4.836%,4.845%,,0.009%,0.1079%
,,912810QQ4,MARKET BASED BOND,4.375%,05/15/41,,95.796875,95.687500,0.000000,,BOND,4.767%,4.778%,,0.011%,0.1143%
,,912810QS0,MARKET BASED BOND,3.750%,08/15/41,,88.687500,88.593750,0.000000,,BOND,4.797%,4.807%,,0.009%,0.1058%
,,912810TA6,MARKET BASED BOND,1.750%,08/15/41,,66.437500,66.343750,0.000000,,BOND,4.874%,4.885%,,0.011%,0.1413%
,,912810TC2,MARKET BASED BOND,2.000%,11/15/41,,68.703125,68.625000,0.000000,,BOND,4.884%,4.893%,,0.009%,0.1138%
,,912810QT8,MARKET BASED BOND,3.125%,11/15/41,,81.359375,81.250000,0.000000,,BOND,4.837%,4.848%,,0.011%,0.1346%
,,912810QU5,MARKET BASED BOND,3.125%,02/15/42,,80.968750,80.843750,0.000000,,BOND,4.857%,4.870%,,0.013%,0.1546%
,,912810TF5,MARKET BASED BOND,2.375%,02/15/42,,72.421875,72.343750,0.000000,,BOND,4.890%,4.899%,,0.009%,0.1080%
,,912810TH1,MARKET BASED BOND,3.250%,05/15/42,,81.953125,81.875000,0.000000,,BOND,4.878%,4.886%,,0.008%,0.0954%
,,912810QW1,MARKET BASED BOND,3.000%,05/15/42,,79.187500,79.062500,0.000000,,BOND,4.877%,4.890%,,0.013%,0.1581%
,,912810QX9,MARKET BASED BOND,2.750%,08/15/42,,75.968750,75.843750,0.000000,,BOND,4.899%,4.912%,,0.013%,0.1648%
,,912810TK4,MARKET BASED BOND,3.375%,08/15/42,,83.062500,82.968750,0.000000,,BOND,4.888%,4.898%,,0.009%,0.1130%
,,912810TM0,MARKET BASED BOND,4.000%,11/15/42,,89.984375,89.906250,0.000000,,BOND,4.886%,4.893%,,0.007%,0.0869%
,,912810QY7,MARKET BASED BOND,2.750%,11/15/42,,75.593750,75.500000,0.000000,,BOND,4.914%,4.923%,,0.010%,0.1242%
,,912810QZ4,MARKET BASED BOND,3.125%,02/15/43,,79.593750,79.500000,0.000000,,BOND,4.917%,4.926%,,0.009%,0.1179%
,,912810TQ1,MARKET BASED BOND,3.875%,02/15/43,,88.359375,88.312500,0.000000,,BOND,4.895%,4.900%,,0.004%,0.0531%
,,912810TS7,MARKET BASED BOND,3.875%,05/15/43,,88.109375,88.062500,0.000000,,BOND,4.908%,4.913%,,0.004%,0.0532%
,,912810RB6,MARKET BASED BOND,2.875%,05/15/43,,76.312500,76.187500,0.000000,,BOND,4.939%,4.952%,,0.013%,0.1641%
,,912810RC4,MARKET BASED BOND,3.625%,08/15/43,,84.890625,84.812500,0.000000,,BOND,4.928%,4.936%,,0.007%,0.0921%
,,912810TU2,MARKET BASED BOND,4.375%,08/15/43,,93.828125,93.781250,0.000000,,BOND,4.906%,4.910%,,0.004%,0.0500%
,,912810RD2,MARKET BASED BOND,3.750%,11/15/43,,86.140625,86.093750,0.000000,,BOND,4.935%,4.940%,,0.004%,0.0544%
,,912810TW8,MARKET BASED BOND,4.750%,11/15/43,,98.218750,98.187500,0.000000,,BOND,4.901%,4.904%,,0.003%,0.0318%
,,912810TZ1,MARKET BASED BOND,4.500%,02/15/44,,95.046875,95.000000,0.000000,,BOND,4.919%,4.923%,,0.004%,0.0493%
,,912810RE0,MARKET BASED BOND,3.625%,02/15/44,,84.421875,84.343750,0.000000,,BOND,4.947%,4.954%,,0.007%,0.0926%
,,912810RG5,MARKET BASED BOND,3.375%,05/15/44,,81.203125,81.125000,0.000000,,BOND,4.957%,4.965%,,0.008%,0.0963%
,,912810UB2,MARKET BASED BOND,4.625%,05/15/44,,96.421875,96.375000,0.000000,,BOND,4.925%,4.929%,,0.004%,0.0486%
,,912810UD8,MARKET BASED BOND,4.125%,08/15/44,,90.156250,90.125000,0.000000,,BOND,4.946%,4.948%,,0.003%,0.0347%
,,912810RH3,MARKET BASED BOND,3.125%,08/15/44,,77.859375,77.781250,0.000000,,BOND,4.976%,4.983%,,0.008%,0.1004%
,,912810RJ9,MARKET BASED BOND,3.000%,11/15/44,,76.062500,76.000000,0.000000,,BOND,4.986%,4.993%,,0.006%,0.0822%
,,912810UF3,MARKET BASED BOND,4.625%,11/15/44,,96.187500,96.156250,0.000000,,BOND,4.940%,4.942%,,0.003%,0.0325%
,,912810UJ5,MARKET BASED BOND,4.750%,02/15/45,,97.656250,97.625000,0.000000,,BOND,4.942%,4.944%,,0.003%,0.0320%
,,912810RK6,MARKET BASED BOND,2.500%,02/15/45,,69.625000,69.562500,0.000000,,BOND,5.004%,5.010%,,0.006%,0.0898%
,,912810RM2,MARKET BASED BOND,3.000%,05/15/45,,75.593750,75.531250,0.000000,,BOND,4.994%,5.001%,,0.006%,0.0827%
,,912810UL0,MARKET BASED BOND,5.000%,05/15/45,,100.718750,100.687500,0.000000,,BOND,4.941%,4.944%,,0.003%,0.0310%
,,912810UN6,MARKET BASED BOND,4.875%,08/15/45,,99.093750,99.062500,0.000000,,BOND,4.948%,4.950%,,0.003%,0.0315%
,,912810RN0,MARKET BASED BOND,2.875%,08/15/45,,73.750000,73.687500,0.000000,,BOND,5.005%,5.011%,,0.006%,0.0848%
,,912810RP5,MARKET BASED BOND,3.000%,11/15/45,,75.109375,75.031250,0.000000,,BOND,5.005%,5.012%,,0.008%,0.1041%
,,912810UQ9,MARKET BASED BOND,4.625%,11/15/45,,95.843750,95.812500,0.000000,,BOND,4.958%,4.961%,,0.003%,0.0326%
,,912810UT3,MARKET BASED BOND,4.625%,02/15/46,,95.859375,95.843750,0.000000,,BOND,4.954%,4.956%,,0.001%,0.0163%
,,912810RQ3,MARKET BASED BOND,2.500%,02/15/46,,68.468750,68.406250,0.000000,,BOND,5.025%,5.031%,,0.006%,0.0914%
,,912810RS9,MARKET BASED BOND,2.500%,05/15/46,,68.218750,68.156250,0.000000,,BOND,5.027%,5.033%,,0.006%,0.0917%
,,912810RT7,MARKET BASED BOND,2.250%,08/15/46,,64.718750,64.656250,0.000000,,BOND,5.038%,5.044%,,0.006%,0.0967%
,,912810RU4,MARKET BASED BOND,2.875%,11/15/46,,72.625000,72.562500,0.000000,,BOND,5.020%,5.026%,,0.006%,0.0861%
,,912810RV2,MARKET BASED BOND,3.000%,02/15/47,,74.062500,74.000000,0.000000,,BOND,5.017%,5.023%,,0.006%,0.0845%
,,912810RX8,MARKET BASED BOND,3.000%,05/15/47,,73.843750,73.781250,0.000000,,BOND,5.022%,5.028%,,0.006%,0.0847%
,,912810RY6,MARKET BASED BOND,2.750%,08/15/47,,70.312500,70.250000,0.000000,,BOND,5.031%,5.037%,,0.006%,0.0890%
,,912810RZ3,MARKET BASED BOND,2.750%,11/15/47,,70.093750,70.031250,0.000000,,BOND,5.034%,5.040%,,0.006%,0.0892%
,,912810SA7,MARKET BASED BOND,3.000%,02/15/48,,73.234375,73.156250,0.000000,,BOND,5.030%,5.038%,,0.007%,0.1068%
,,912810SC3,MARKET BASED BOND,3.125%,05/15/48,,74.781250,74.718750,0.000000,,BOND,5.025%,5.031%,,0.006%,0.0836%
,,912810SD1,MARKET BASED BOND,3.000%,08/15/48,,72.906250,72.843750,0.000000,,BOND,5.030%,5.036%,,0.006%,0.0858%
,,912810SE9,MARKET BASED BOND,3.375%,11/15/48,,77.906250,77.843750,0.000000,,BOND,5.019%,5.024%,,0.005%,0.0803%
,,912810SF6,MARKET BASED BOND,3.000%,02/15/49,,72.578125,72.531250,0.000000,,BOND,5.030%,5.034%,,0.004%,0.0646%
,,912810SH2,MARKET BASED BOND,2.875%,05/15/49,,70.718750,70.656250,0.000000,,BOND,5.030%,5.036%,,0.006%,0.0885%
,,912810SJ8,MARKET BASED BOND,2.250%,08/15/49,,61.828125,61.781250,0.000000,,BOND,5.049%,5.053%,,0.005%,0.0759%
,,912810SK5,MARKET BASED BOND,2.375%,11/15/49,,63.359375,63.312500,0.000000,,BOND,5.046%,5.050%,,0.005%,0.0740%
,,912810SL3,MARKET BASED BOND,2.000%,02/15/50,,57.921875,57.875000,0.000000,,BOND,5.052%,5.057%,,0.005%,0.0810%
,,912810SN9,MARKET BASED BOND,1.250%,05/15/50,,47.265625,47.218750,0.000000,,BOND,5.056%,5.062%,,0.005%,0.0993%
,,912810SP4,MARKET BASED BOND,1.375%,08/15/50,,48.687500,48.625000,0.000000,,BOND,5.060%,5.067%,,0.007%,0.1285%
,,912810SS8,MARKET BASED BOND,1.625%,11/15/50,,51.953125,51.906250,0.000000,,BOND,5.057%,5.062%,,0.005%,0.0903%
,,912810SU3,MARKET BASED BOND,1.875%,02/15/51,,55.281250,55.250000,0.000000,,BOND,5.051%,5.054%,,0.003%,0.0566%
,,912810SX7,MARKET BASED BOND,2.375%,05/15/51,,62.296875,62.250000,0.000000,,BOND,5.035%,5.040%,,0.005%,0.0753%
,,912810SZ2,MARKET BASED BOND,2.000%,08/15/51,,56.703125,56.656250,0.000000,,BOND,5.042%,5.046%,,0.005%,0.0827%
,,912810TB4,MARKET BASED BOND,1.875%,11/15/51,,54.703125,54.656250,0.000000,,BOND,5.042%,5.047%,,0.005%,0.0858%
,,912810TD0,MARKET BASED BOND,2.250%,02/15/52,,60.046875,60.000000,0.000000,,BOND,5.025%,5.030%,,0.005%,0.0781%
,,912810TG3,MARKET BASED BOND,2.875%,05/15/52,,69.078125,69.031250,0.000000,,BOND,5.009%,5.013%,,0.004%,0.0679%
,,912810TJ7,MARKET BASED BOND,3.000%,08/15/52,,70.828125,70.781250,0.000000,,BOND,5.003%,5.007%,,0.004%,0.0662%
,,912810TL2,MARKET BASED BOND,4.000%,11/15/52,,85.687500,85.656250,0.000000,,BOND,4.975%,4.977%,,0.002%,0.0365%
,,912810TN8,MARKET BASED BOND,3.625%,02/15/53,,79.968750,79.937500,0.000000,,BOND,4.985%,4.988%,,0.002%,0.0391%
,,912810TR9,MARKET BASED BOND,3.625%,05/15/53,,79.906250,79.875000,0.000000,,BOND,4.983%,4.986%,,0.002%,0.0391%
,,912810TT5,MARKET BASED BOND,4.125%,08/15/53,,87.421875,87.375000,0.000000,,BOND,4.970%,4.974%,,0.003%,0.0536%
,,912810TV0,MARKET BASED BOND,4.750%,11/15/53,,96.937500,96.906250,0.000000,,BOND,4.954%,4.956%,,0.002%,0.0322%
,,912810TX6,MARKET BASED BOND,4.250%,02/15/54,,89.281250,89.250000,0.000000,,BOND,4.964%,4.966%,,0.002%,0.0350%
,,912810UA4,MARKET BASED BOND,4.625%,05/15/54,,95.078125,95.031250,0.000000,,BOND,4.951%,4.954%,,0.003%,0.0493%
,,912810UC0,MARKET BASED BOND,4.250%,08/15/54,,89.312500,89.281250,0.000000,,BOND,4.955%,4.957%,,0.002%,0.0350%
,,912810UE6,MARKET BASED BOND,4.500%,11/15/54,,93.156250,93.125000,0.000000,,BOND,4.949%,4.951%,,0.002%,0.0336%
,,912810UG1,MARKET BASED BOND,4.625%,02/15/55,,95.125000,95.093750,0.000000,,BOND,4.943%,4.946%,,0.002%,0.0329%
,,912810UK2,MARKET BASED BOND,4.750%,05/15/55,,97.109375,97.093750,0.000000,,BOND,4.938%,4.939%,,0.001%,0.0161%
,,912810UM8,MARKET BASED BOND,4.750%,08/15/55,,97.203125,97.187500,0.000000,,BOND,4.931%,4.932%,,0.001%,0.0161%
,,912810UP1,MARKET BASED BOND,4.625%,11/15/55,,95.281250,95.250000,0.000000,,BOND,4.929%,4.931%,,0.002%,0.0328%
,,912810UR7,MARKET BASED BOND,4.750%,02/15/56,,97.265625,97.250000,0.000000,,BOND,4.925%,4.926%,,0.001%,0.0161%
,,91282CCA7,TIPS,0.125%,04/15/26,,0.000000,100.062500,0.000000,,TIPS,,-0.908%,,,
,,912828S50,TIPS,0.125%,07/15/26,,0.000000,101.343750,0.000000,,TIPS,,-4.123%,,,
,,91282CDC2,TIPS,0.125%,10/15/26,,100.828125,100.781250,0.000000,,TIPS,-1.342%,-1.260%,,0.082%,0.0465%
,,912828V49,TIPS,0.375%,01/15/27,,100.140625,100.093750,0.000000,,TIPS,0.202%,0.259%,,0.058%,0.0468%
,,912810PS1,TIPS,2.375%,01/15/27,,101.750000,101.687500,0.000000,,TIPS,0.217%,0.293%,,0.076%,0.0615%
,,91282CEJ6,TIPS,0.125%,04/15/27,,99.359375,99.312500,0.000000,,TIPS,0.733%,0.777%,,0.045%,0.0472%
,,9128282L3,TIPS,0.375%,07/15/27,,99.875000,99.812500,0.000000,,TIPS,0.471%,0.519%,,0.048%,0.0626%
,,91282CFR7,TIPS,1.625%,10/15/27,,101.453125,101.406250,0.000000,,TIPS,0.687%,0.717%,,0.030%,0.0462%
,,9128283R9,TIPS,0.500%,01/15/28,,99.109375,99.062500,0.000000,,TIPS,0.997%,1.023%,,0.026%,0.0473%
,,912810PV4,TIPS,1.750%,01/15/28,,101.312500,101.250000,0.000000,,TIPS,1.017%,1.052%,,0.035%,0.0617%
,,912810FD5,TIPS,3.625%,04/15/28,,105.078125,105.031250,0.000000,,TIPS,1.125%,1.147%,,0.022%,0.0446%
,,91282CGW5,TIPS,1.250%,04/15/28,,100.218750,100.187500,0.000000,,TIPS,1.142%,1.158%,,0.015%,0.0312%
,,912828Y38,TIPS,0.750%,07/15/28,,99.546875,99.500000,0.000000,,TIPS,0.949%,0.969%,,0.021%,0.0471%
,,91282CJH5,TIPS,2.375%,10/15/28,,103.390625,103.343750,0.000000,,TIPS,1.030%,1.048%,,0.018%,0.0454%
,,9128285W6,TIPS,0.875%,01/15/29,,99.109375,99.062500,0.000000,,TIPS,1.198%,1.215%,,0.017%,0.0473%
,,912810PZ5,TIPS,2.500%,01/15/29,,103.593750,103.531250,0.000000,,TIPS,1.196%,1.219%,,0.022%,0.0604%
,,912810FH6,TIPS,3.875%,04/15/29,,107.718750,107.656250,0.000000,,TIPS,1.294%,1.314%,,0.020%,0.0581%
,,91282CKL4,TIPS,2.125%,04/15/29,,102.484375,102.437500,0.000000,,TIPS,1.294%,1.310%,,0.015%,0.0458%
,,9128287D6,TIPS,0.250%,07/15/29,,97.015625,96.968750,0.000000,,TIPS,1.171%,1.186%,,0.015%,0.0483%
,,91282CLV1,TIPS,1.625%,10/15/29,,101.359375,101.312500,0.000000,,TIPS,1.234%,1.247%,,0.013%,0.0463%
,,912828Z37,TIPS,0.125%,01/15/30,,95.468750,95.406250,0.000000,,TIPS,1.348%,1.366%,,0.017%,0.0655%
,,91282CNB3,TIPS,1.625%,04/15/30,,100.796875,100.750000,0.000000,,TIPS,1.422%,1.434%,,0.012%,0.0465%
,,912828ZZ6,TIPS,0.125%,07/15/30,,94.953125,94.906250,0.000000,,TIPS,1.333%,1.345%,,0.012%,0.0494%
,,91282CPH8,TIPS,1.125%,10/15/30,,98.859375,98.812500,0.000000,,TIPS,1.384%,1.395%,,0.011%,0.0474%
,,91282CBF7,TIPS,0.125%,01/15/31,,93.734375,93.687500,0.000000,,TIPS,1.479%,1.489%,,0.011%,0.0500%
,,91282CCM1,TIPS,0.125%,07/15/31,,93.171875,93.125000,0.000000,,TIPS,1.466%,1.475%,,0.010%,0.0503%
,,91282CDX6,TIPS,0.125%,01/15/32,,91.812500,91.781250,0.000000,,TIPS,1.606%,1.612%,,0.006%,0.0340%
,,912810FQ6,TIPS,3.375%,04/15/32,,110.109375,110.062500,0.000000,,TIPS,1.617%,1.625%,,0.008%,0.0426%
,,91282CEZ0,TIPS,0.625%,07/15/32,,94.140625,94.093750,0.000000,,TIPS,1.605%,1.613%,,0.008%,0.0498%
,,91282CGK1,TIPS,1.125%,01/15/33,,96.125000,96.093750,0.000000,,TIPS,1.730%,1.735%,,0.005%,0.0325%
,,91282CHP9,TIPS,1.375%,07/15/33,,97.562500,97.531250,0.000000,,TIPS,1.731%,1.736%,,0.005%,0.0320%
,,91282CJY8,TIPS,1.750%,01/15/34,,99.375000,99.343750,0.000000,,TIPS,1.836%,1.840%,,0.004%,0.0315%
,,91282CLE9,TIPS,1.875%,07/15/34,,100.265625,100.218750,0.000000,,TIPS,1.840%,1.846%,,0.006%,0.0468%
,,91282CML2,TIPS,2.125%,01/15/35,,101.421875,101.375000,0.000000,,TIPS,1.948%,1.954%,,0.006%,0.0462%
,,91282CNS6,TIPS,1.875%,07/15/35,,99.328125,99.281250,0.000000,,TIPS,1.954%,1.960%,,0.006%,0.0472%
,,91282CPU9,TIPS,1.875%,01/15/36,,98.593750,98.562500,0.000000,,TIPS,2.034%,2.037%,,0.004%,0.0317%
,,912810QF8,TIPS,2.125%,02/15/40,,97.859375,97.781250,0.000000,,TIPS,2.306%,2.313%,,0.007%,0.0799%
,,912810QP6,TIPS,2.125%,02/15/41,,96.734375,96.656250,0.000000,,TIPS,2.387%,2.393%,,0.006%,0.0808%
,,912810QV3,TIPS,0.750%,02/15/42,,77.031250,76.968750,0.000000,,TIPS,2.511%,2.517%,,0.006%,0.0812%
,,912810RA8,TIPS,0.625%,02/15/43,,73.640625,73.562500,0.000000,,TIPS,2.556%,2.562%,,0.007%,0.1062%
,,912810RF7,TIPS,1.375%,02/15/44,,82.671875,82.593750,0.000000,,TIPS,2.591%,2.597%,,0.006%,0.0946%
,,912810RL4,TIPS,0.750%,02/15/45,,71.890625,71.812500,0.000000,,TIPS,2.651%,2.657%,,0.006%,0.1088%
,,912810RR1,TIPS,1.000%,02/15/46,,74.265625,74.187500,0.000000,,TIPS,2.677%,2.683%,,0.006%,0.1053%
,,912810RW0,TIPS,0.875%,02/15/47,,71.046875,70.968750,0.000000,,TIPS,2.696%,2.702%,,0.006%,0.1101%
,,912810SB5,TIPS,1.000%,02/15/48,,71.890625,71.812500,0.000000,,TIPS,2.710%,2.716%,,0.006%,0.1088%
,,912810SG4,TIPS,1.000%,02/15/49,,70.828125,70.750000,0.000000,,TIPS,2.720%,2.726%,,0.006%,0.1104%
,,912810SM1,TIPS,0.250%,02/15/50,,56.625000,56.562500,0.000000,,TIPS,2.734%,2.739%,,0.005%,0.1105%
,,912810SV1,TIPS,0.125%,02/15/51,,53.125000,53.062500,0.000000,,TIPS,2.733%,2.737%,,0.005%,0.1178%
,,912810TE8,TIPS,0.125%,02/15/52,,51.937500,51.875000,0.000000,,TIPS,2.724%,2.729%,,0.005%,0.1205%
,,912810TP3,TIPS,1.500%,02/15/53,,76.750000,76.687500,0.000000,,TIPS,2.725%,2.729%,,0.004%,0.0815%
,,912810TY4,TIPS,2.125%,02/15/54,,88.250000,88.187500,0.000000,,TIPS,2.729%,2.733%,,0.003%,0.0709%
,,912810UH9,TIPS,2.375%,02/15/55,,93.093750,93.031250,0.000000,,TIPS,2.722%,2.725%,,0.003%,0.0672%
,,912810US5,TIPS,2.375%,02/15/56,,92.968750,92.906250,0.000000,,TIPS,2.720%,2.723%,,0.003%,0.0673%
,,91282CKM2,MARKET BASED FRN,3.872%,04/30/26,,0.000000,100.009903,0.000000,,FRN,,3.717%,,,
,,91282CLA7,MARKET BASED FRN,3.904%,07/31/26,,100.056701,100.049649,0.000000,,FRN,3.722%,3.742%,,0.020%,0.0070%
,,91282CLT6,MARKET BASED FRN,3.928%,10/31/26,,100.097193,100.086646,0.000000,,FRN,3.758%,3.776%,,0.018%,0.0105%
,,91282CMJ7,MARKET BASED FRN,3.819%,01/31/27,,100.036600,100.025976,0.000000,,FRN,3.771%,3.784%,,0.013%,0.0106%
,,91282CMX6,MARKET BASED FRN,3.882%,04/30/27,,100.109278,100.095682,0.000000,,FRN,3.777%,3.790%,,0.013%,0.0136%
,,91282CNQ0,MARKET BASED FRN,3.881%,07/31/27,,100.109559,100.099580,0.000000,,FRN,3.794%,3.802%,,0.008%,0.0100%
,,91282CPG0,MARKET BASED FRN,3.912%,10/31/27,,100.170545,100.162687,0.000000,,FRN,3.800%,3.805%,,0.005%,0.0078%
,,91282CPX3,MARKET BASED FRN,3.820%,01/31/28,,100.016471,100.005169,0.000000,,FRN,3.809%,3.815%,,0.006%,0.0113%